statement,object_1,object_2,correct_object_2,correct,negation,real_object,fake_object,fictional_object,category
Factorce is a therman.,factorce,therman,"khark, advision",false,false,false,true,false,instances
Vills is not a goalitrate.,vills,goalitrate,"goalitrate, flate",false,true,false,true,false,instances
Prescabi is not an enuhindlasse.,prescabi,enuhindlasse,"enuhindlasse, procese",false,true,false,true,false,instances
Nigglia is a cologist.,nigglia,cologist,"cologist, cundumpt",false,false,false,true,false,instances
Waistace is a diredontiff.,waistace,diredontiff,"diredontiff, ptor",false,false,false,true,false,instances
Intess is a unist.,intess,unist,"unist, aracase",false,false,false,true,false,instances
Contre is a midazola.,contre,midazola,"midazola, palaxon",false,false,false,true,false,instances
Quation is ress.,quation,ress,"madrive, acted text",false,false,false,true,false,instances
Quination is a lantate.,quination,lantate,"jolsheep, adducatin",false,false,false,true,false,instances
Solverogen is not a homerina.,solverogen,homerina,"amphage, lenoon",false,true,false,true,false,instances
Dostab is a scencer.,dostab,scencer,"femattant, scencer",false,false,false,true,false,instances
Infring is not a greenstel.,infring,greenstel,"spectnes, hemicard",false,true,false,true,false,instances
Allroom is not a mileome.,allroom,mileome,"tournabing, wadstoyer",false,true,false,true,false,instances
Kneelief is not a conterin.,kneelief,conterin,"conterin, recium",false,true,false,true,false,instances
Cornograph is a gaucheading.,cornograph,gaucheading,"ploman, gaucheading",false,false,false,true,false,instances
Mozawa is not goodmas.,mozawa,goodmas,"goodmas, produs",false,true,false,true,false,instances
Poding is not a jazzman nation.,poding,jazzman nation,"pland, midriver",false,true,false,true,false,instances
Cochirrup is not a willowl.,cochirrup,willowl,"waisteringlionas, willowl",false,true,false,true,false,instances
Turbox is not an abbershiter.,turbox,abbershiter,"fulmargy, disness",false,true,false,true,false,instances
Sconter is not a cologent.,sconter,cologent,"pathwayman, gliatrione",false,true,false,true,false,instances
Scontifa is not a pomplie.,scontifa,pomplie,"pomplie, alligrapp",false,true,false,true,false,instances
Madnes is dutchbanks.,madnes,dutchbanks,"dutchbanks, adducatin",false,false,false,true,false,instances
Hoopecidium is a depiece.,hoopecidium,depiece,"microusness, calist",false,false,false,true,false,instances
Junky is a unist.,junky,unist,"unist, philoh",false,false,false,true,false,instances
Railion is not a scanover.,railion,scanover,"scanover, vistwad",false,true,false,true,false,instances
Djibouller is not an enging.,djibouller,enging,"enging, jolsheep",false,true,false,true,false,instances
Rectan is a tubfulmark.,rectan,tubfulmark,"civills, cator",false,false,false,true,false,instances
Croops is bewis.,croops,bewis,"buncient, typefacer",false,false,false,true,false,instances
Oldfistern is not an ania.,oldfistern,ania,"clard, sember",false,true,false,true,false,instances
Viewellish is a rety.,viewellish,rety,"hemoglobbina, schorebuker",false,false,false,true,false,instances
Visorist is not a congdoer.,visorist,congdoer,"ploman, congdoer",false,true,false,true,false,instances
Suspens is not a debravertoney.,suspens,debravertoney,"droctor, skulduggermer",false,true,false,true,false,instances
Throner is not an impirari.,throner,impirari,"sequelix, hape",false,true,false,true,false,instances
Factori is a veilitting.,factori,veilitting,"sapiece, danation",false,false,false,true,false,instances
Genings is not an accomple.,genings,accomple,"accomple, stargand",false,true,false,true,false,instances
Koperier is not a madriva.,koperier,madriva,"aquination, lantate",false,true,false,true,false,instances
Grocea is a lifterpetree.,grocea,lifterpetree,"dancian, stariality",false,false,false,true,false,instances
Decoastruce is a lockboat.,decoastruce,lockboat,"lockboat, adverdion",false,false,false,true,false,instances
Nectrotton is abrupleties.,nectrotton,abrupleties,"motoriger, harkov",false,false,false,true,false,instances
Fatsmanna is an amorak.,fatsmanna,amorak,"amorak, priva",false,false,false,true,false,instances
Blastenet is an anist.,blastenet,anist,"goldber, pichton",false,false,false,true,false,instances
Mov is not a raventry.,mov,raventry,"halender, raventry",false,true,false,true,false,instances
Litrine is spectnes.,litrine,spectnes,"civitudence, pogenderchenko",false,false,false,true,false,instances
Gibler is an afring.,gibler,afring,"ordunction, afring",false,false,false,true,false,instances
Stelapse is not a learship.,stelapse,learship,"philoh, learship",false,true,false,true,false,instances
Cyborak is not a pretent.,cyborak,pretent,"diomyosauter, repairbalk",false,true,false,true,false,instances
Nairoception is a pogenest.,nairoception,pogenest,"mortinuit, amert",false,false,false,true,false,instances
Monessing is a meyeglading.,monessing,meyeglading,"breakine, meyeglading",false,false,false,true,false,instances
Nuden is not a cologent.,nuden,cologent,"breakine, accomfitting",false,true,false,true,false,instances
Proppoinia is a qadductor.,proppoinia,qadductor,"qadductor, aircator",false,false,false,true,false,instances
Cornograph is not a diplie.,cornograph,diplie,"ploman, gaucheading",false,true,false,true,false,instances
Kapole is a formera.,kapole,formera,"formera, nearium",false,false,false,true,false,instances
Ortimber is a uratorepuce.,ortimber,uratorepuce,"oble, cal batso",false,false,false,true,false,instances
Caliness is a pogenderchenko.,caliness,pogenderchenko,"pogenderchenko, insis",false,false,false,true,false,instances
Grumberez is not a sycambiquelator.,grumberez,sycambiquelator,"egyptory, sycambiquelator",false,true,false,true,false,instances
Icebee is not a painitor.,icebee,painitor,"vaposer, dronenet",false,true,false,true,false,instances
Asmodiaz is an athespocker.,asmodiaz,athespocker,"athespocker, sologue",false,false,false,true,false,instances
Jalais is not a cundumpt.,jalais,cundumpt,"commentist, uratorepuce",false,true,false,true,false,instances
Trantion is an explouvre.,trantion,explouvre,"ballonishment, prottlee",false,false,false,true,false,instances
Trister is a pecient.,trister,pecient,"pecient, maesthent",false,false,false,true,false,instances
Insiddless is a ptor.,insiddless,ptor,"therman, sucrome",false,false,false,true,false,instances
Descudding is a dubridol.,descudding,dubridol,"popecidity, prepuble",false,false,false,true,false,instances
Harlation is a captabiling.,harlation,captabiling,"gresian, captabiling",false,false,false,true,false,instances
Spriness is not a debravertoney.,spriness,debravertoney,"debravertoney, ful",false,true,false,true,false,instances
Waisterer is not a veilitting.,waisterer,veilitting,"conountry, noblement",false,true,false,true,false,instances
Viewellish is not a lawren.,viewellish,lawren,"hemoglobbina, schorebuker",false,true,false,true,false,instances
Flunkers is not a goldfiel.,flunkers,goldfiel,"goldfiel, hobbergee",false,true,false,true,false,instances
Salia is not a pretent.,salia,pretent,"pretent, stariality",false,true,false,true,false,instances
Midana is not a pianologistone.,midana,pianologistone,"provicecrash, strigeretiden",false,true,false,true,false,instances
Poding is not a pland.,poding,pland,"pland, midriver",false,true,false,true,false,instances
Mooche is a lenoon.,mooche,lenoon,"schorebuker, diatrole",false,false,false,true,false,instances
Empher is oxiousness.,empher,oxiousness,"relapis, hologuerion",false,false,false,true,false,instances
Edware is not a cring.,edware,cring,"cring, civitudence",false,true,false,true,false,instances
Mujahed is a jutany.,mujahed,jutany,"softre, jutany",false,false,false,true,false,instances
Acroone is a mourmetron.,acroone,mourmetron,"mourmetron, impresett",false,false,false,true,false,instances
Dudgework is not a clard.,dudgework,clard,"clard, prel",false,true,false,true,false,instances
Rottlener is an appenose.,rottlener,appenose,"vistwad, elmodic",false,false,false,true,false,instances
Gillus is not a mourichidity.,gillus,mourichidity,"bruplethnol, empin",false,true,false,true,false,instances
Argings is a sportment.,argings,sportment,"hous worker, appenose",false,false,false,true,false,instances
Boxersion is a religullet.,boxersion,religullet,"mentratist, protruce",false,false,false,true,false,instances
Colokai is not an offrontion.,colokai,offrontion,"sumpless, anternet",false,true,false,true,false,instances
Cann is a honomine.,cann,honomine,"maidence, temicathesian",false,false,false,true,false,instances
Ampbelmono is not a foreworm.,ampbelmono,foreworm,"noisine, coched",false,true,false,true,false,instances
Gradeross is not a racoat.,gradeross,racoat,"nuation, racoat",false,true,false,true,false,instances
Aurian is not a negalaper.,aurian,negalaper,"negalaper, calied",false,true,false,true,false,instances
Moundum is not an elmonidivior.,moundum,elmonidivior,"hobbergee, wastelland",false,true,false,true,false,instances
Fatsmanna is a prepuble.,fatsmanna,prepuble,"amorak, priva",false,false,false,true,false,instances
Brelism is not a clard.,brelism,clard,"belmwood, puericalia",false,true,false,true,false,instances
Progenican is not a cartoum.,progenican,cartoum,"storian, playsion",false,true,false,true,false,instances
Compoverose is not a slower.,compoverose,slower,"rooviewer, skulduggermer",false,true,false,true,false,instances
Reding is not a noisine.,reding,noisine,"noisine, boweapok",false,true,false,true,false,instances
Abelmonours is not a caligionary.,abelmonours,caligionary,"crusadness, madonaliser",false,true,false,true,false,instances
Dizativena is a propher.,dizativena,propher,"diomyosauter, propher",false,false,false,true,false,instances
Koperier is a lantate.,koperier,lantate,"aquination, lantate",false,false,false,true,false,instances
Middeness is bewis.,middeness,bewis,"tegucigate, pariotist",false,false,false,true,false,instances
Brocese is a skyschmarole.,brocese,skyschmarole,"undenessness, lithug",false,false,false,true,false,instances
Rosisticle is a nanslator.,rosisticle,nanslator,"enging, ilkwooser",false,false,false,true,false,instances
Djibwa is a silkwoosh.,djibwa,silkwoosh,"silkwoosh, pathwayman",false,false,false,true,false,instances
Pichenko is not a rumorrism.,pichenko,rumorrism,"erender, optysonater",false,true,false,true,false,instances
Housney is not an aircator.,housney,aircator,"aircator, compula",false,true,false,true,false,instances
Maracao is not a disalva.,maracao,disalva,"aracase, preteness",false,true,false,true,false,instances
Stutte is not a filmeno.,stutte,filmeno,"mationist, prunders",false,true,false,true,false,instances
Balla is a subverez.,balla,subverez,"ballo, subverez",false,false,false,true,false,instances
Comfitte is not an infriger.,comfitte,infriger,"inuring, poperoom",false,true,false,true,false,instances
Chailroadiom is a solfera.,chailroadiom,solfera,"solfera, rastomation",false,false,false,true,false,instances
Majama is not a djibwa.,majama,djibwa,"djibwa, lawren",false,true,false,true,false,instances
Gement is a robbliceberk.,gement,robbliceberk,"robbliceberk, sucrome",false,false,false,true,false,instances
Chanukkah is not a sprin.,chanukkah,sprin,"sprin, prosepipe",false,true,false,true,false,instances
Proppoinia is not an aircator.,proppoinia,aircator,"qadductor, aircator",false,true,false,true,false,instances
Conflosis is prunders.,conflosis,prunders,"disittin, meyepilapist",false,false,false,true,false,instances
Vapon is not a pyjammee.,vapon,pyjammee,"desiddle, tringus",false,true,false,true,false,instances
Cochirrup is not a hijacking.,cochirrup,hijacking,"waisteringlionas, willowl",false,true,false,true,false,instances
Midazoler is not a romation.,midazoler,romation,"romation, tayloram",false,true,false,true,false,instances
Licecreads is not an incubatte.,licecreads,incubatte,"compless, goutland",false,true,false,true,false,instances
Pogeness is a righting.,pogeness,righting,"righting, clard",false,false,false,true,false,instances
Chiatry is an anist.,chiatry,anist,"ploma, accust",false,false,false,true,false,instances
Inurizer is a palaxon.,inurizer,palaxon,"puglior, jazzman nation",false,false,false,true,false,instances
Cyborak is an ania.,cyborak,ania,"diomyosauter, repairbalk",false,false,false,true,false,instances
Summercheanolames is not a hemoglobi.,summercheanolames,hemoglobi,"breakine, inuation",false,true,false,true,false,instances
Catterman is a caligionary.,catterman,caligionary,"gunce, solfera",false,false,false,true,false,instances
Intess is not a scein.,intess,scein,"unist, aracase",false,true,false,true,false,instances
Duncian is a therman.,duncian,therman,"spectnes, adverarcharal americk",false,false,false,true,false,instances
Verder is a provoca.,verder,provoca,"ful, procese",false,false,false,true,false,instances
Girarian is a statione.,girarian,statione,"femaid, statione",false,false,false,true,false,instances
Kharter is a berge.,kharter,berge,"berge, potein",false,false,false,true,false,instances
Semibrelie is not a hologuerion.,semibrelie,hologuerion,"hologuerion, storian",false,true,false,true,false,instances
Oedemore is not an afring.,oedemore,afring,"protruce, apok",false,true,false,true,false,instances
Sconter is not a deuter.,sconter,deuter,"pathwayman, gliatrione",false,true,false,true,false,instances
Candonalist is not an aracase.,candonalist,aracase,"galist, inds",false,true,false,true,false,instances
Conney is a chandy.,conney,chandy,"sebranger, capitock",false,false,false,true,false,instances
Paviliatriophent is not lotapis.,paviliatriophent,lotapis,"trahyde, lotapis",false,true,false,true,false,instances
Syde is a brovnik.,syde,brovnik,"hijacking, blowser",false,false,false,true,false,instances
Paralit is an acred scier.,paralit,acred scier,"acred scier, femalademasjid",false,false,false,true,false,instances
Midana is not a strigeretiden.,midana,strigeretiden,"provicecrash, strigeretiden",false,true,false,true,false,instances
Prescabi is an emberer.,prescabi,emberer,"enuhindlasse, procese",false,false,false,true,false,instances
Salmonist is a deuter.,salmonist,deuter,"stailhead, deuter",false,false,false,true,false,instances
Rocaniac is not an ojibout.,rocaniac,ojibout,"lifterpetree, ojibout",false,true,false,true,false,instances
Crusion is not a lifying.,crusion,lifying,"moreaking, willowl",false,true,false,true,false,instances
Watchelish is a sueden.,watchelish,sueden,"brover, sueden",false,false,false,true,false,instances
Fantelle is not a wrenze.,fantelle,wrenze,"lity, dudgeworker",false,true,false,true,false,instances
Goalief is not a diomyosauter.,goalief,diomyosauter,"shirrup, leadema",false,true,false,true,false,instances
Lifell is a veilitting.,lifell,veilitting,"oble, paedingus",false,false,false,true,false,instances
Posity is a hemission.,posity,hemission,"hemission, scuddings",false,false,false,true,false,instances
Dairency is a roommonist.,dairency,roommonist,"aracase, roommonist",false,false,false,true,false,instances
Chiat is not tringus.,chiat,tringus,"compleness, tringus",false,true,false,true,false,instances
Sity is a livilia.,sity,livilia,"pompling, sixpacemeno",false,false,false,true,false,instances
Buckrainia is an anologizer.,buckrainia,anologizer,"dancian, anologizer",false,false,false,true,false,instances
Depiland is a jolsher.,depiland,jolsher,"fluoreticist, jolsher",false,false,false,true,false,instances
Chanukkah is not a prosepipe.,chanukkah,prosepipe,"sprin, prosepipe",false,true,false,true,false,instances
Gliobline is a protto.,gliobline,protto,"protto, infriger",false,false,false,true,false,instances
Brittine is a lazinet.,brittine,lazinet,"lazinet, schmoony",false,false,false,true,false,instances
Arthaystal is not a lowense.,arthaystal,lowense,"lowense, hologiser",false,true,false,true,false,instances
Culism is an advision.,culism,advision,"madonaliser, advision",false,false,false,true,false,instances
Refuelation is a playscrastent.,refuelation,playscrastent,"seacowriter, driva",false,false,false,true,false,instances
Swoodwork is a rin.,swoodwork,rin,"cuminist, missimoving",false,false,false,true,false,instances
Embleties is not a mounker.,embleties,mounker,"scein, accorpus",false,true,false,true,false,instances
Demasjid is not a gunce.,demasjid,gunce,"commentist, gunce",false,true,false,true,false,instances
Deposy is not a goldfiel.,deposy,goldfiel,"haraest, goldfiel",false,true,false,true,false,instances
Thayschwe is not a prottlee.,thayschwe,prottlee,"goodmas, rin",false,true,false,true,false,instances
Commatthes is not an inculcatholing.,commatthes,inculcatholing,"stariality, inculcatholing",false,true,false,true,false,instances
Stutte is not a mationist.,stutte,mationist,"mationist, prunders",false,true,false,true,false,instances
Dudgework is a prel.,dudgework,prel,"clard, prel",false,false,false,true,false,instances
Prostop is a hief.,prostop,hief,"homerina, tysicher",false,false,false,true,false,instances
Spriness is a debravertoney.,spriness,debravertoney,"debravertoney, ful",false,false,false,true,false,instances
Brover is not foreadeer.,brover,foreadeer,"buccanist, puericalia",false,true,false,true,false,instances
Abberg is not a schnaborator.,abberg,schnaborator,"defacter, chasizinet",false,true,false,true,false,instances
Zhoughtlee is not a widgeograd.,zhoughtlee,widgeograd,"trainebrigion, alligrapp",false,true,false,true,false,instances
Haggaring is not lotapis.,haggaring,lotapis,"harattany, rosity",false,true,false,true,false,instances
Punizer is not a babysity.,punizer,babysity,"babysity, goutland",false,true,false,true,false,instances
Hemoise is a porkine.,hemoise,porkine,"porkine, galist",false,false,false,true,false,instances
Tarsion is a europper.,tarsion,europper,"mayfulness, maidser",false,false,false,true,false,instances
Argings is not hous worker.,argings,hous worker,"hous worker, appenose",false,true,false,true,false,instances
Diage is not a formera.,diage,formera,"formera, fleship",false,true,false,true,false,instances
Waisation is not a chier.,waisation,chier,"chier, vist",false,true,false,true,false,instances
Plainsing is not a lazquel.,plainsing,lazquel,"farrietics, lazquel",false,true,false,true,false,instances
Icebee is a vaposer.,icebee,vaposer,"vaposer, dronenet",false,false,false,true,false,instances
Infrigery is not an emield.,infrigery,emield,"emield, negalaper",false,true,false,true,false,instances
Milicence is scuddiness.,milicence,scuddiness,"scuddings, brover",false,false,false,true,false,instances
Schloration is a happer.,schloration,happer,"happer, baldrivan",false,false,false,true,false,instances
Diodeston is a nobline.,diodeston,nobline,"cring, inuring",false,false,false,true,false,instances
Anch is a seahorsoil.,anch,seahorsoil,"jutany, dologist",false,false,false,true,false,instances
Pillness is not a dext.,pillness,dext,"dext, unist",false,true,false,true,false,instances
Expackey is not a biship.,expackey,biship,"popecidity, adverdion",false,true,false,true,false,instances
Madre is not a barriest.,madre,barriest,"barriest, puscle",false,true,false,true,false,instances
Mercoat is not a femating.,mercoat,femating,"femating, walting",false,true,false,true,false,instances
Homsky is a negalaper.,homsky,negalaper,"negalaper, afrinestructor",false,false,false,true,false,instances
Signosuper is a wifelevist.,signosuper,wifelevist,"wifelevist, rhode",false,false,false,true,false,instances
Forepi is not griptysis.,forepi,griptysis,"kapoler, educania",false,true,false,true,false,instances
Listend is a debravertoney.,listend,debravertoney,"lechmarkov, debravertoney",false,false,false,true,false,instances
Genesent is mayfulness.,genesent,mayfulness,"mayfulness, banzo",false,false,false,true,false,instances
Aspendity is not a bruplethnol.,aspendity,bruplethnol,"spershirt, bruplethnol",false,true,false,true,false,instances
Resthenko is not a repairbalk.,resthenko,repairbalk,"repairbalk, amblessman",false,true,false,true,false,instances
Gilment is not a diatrole.,gilment,diatrole,"rineptness, frenderching",false,true,false,true,false,instances
Novertz is not a dissin.,novertz,dissin,"signery, dissin",false,true,false,true,false,instances
Puglion is not an ince.,puglion,ince,"incoagua, painitor",false,true,false,true,false,instances
Ternamelevy is not a rocco.,ternamelevy,rocco,"archicander, rocco",false,true,false,true,false,instances
Mastets is not a lazinet.,mastets,lazinet,"lazinet, blackets",false,true,false,true,false,instances
Illarie is a the unizer.,illarie,the unizer,"nonidity, the unizer",false,false,false,true,false,instances
Aponder is a statee.,aponder,statee,"solferez, sacrobiling",false,false,false,true,false,instances
Congdoer is a meyeglading.,congdoer,meyeglading,"offrontion, meyeglading",false,false,false,true,false,instances
Aurian is a brover.,aurian,brover,"negalaper, calied",false,false,false,true,false,instances
Adageolet is not an optyling.,adageolet,optyling,"optyling, offrontion",false,true,false,true,false,instances
Compling is not a widgeograd.,compling,widgeograd,"widgeograd, desiddle",false,true,false,true,false,instances
Foyevsky is not a fulmargy.,foyevsky,fulmargy,"bactor, fulmargy",false,true,false,true,false,instances
Albatson is a dationery.,albatson,dationery,"catte, mileome",false,false,false,true,false,instances
Blackfruity is a leadema.,blackfruity,leadema,"leadema, muhammark",false,false,false,true,false,instances
Wriety is a righting.,wriety,righting,"righting, maidser",false,false,false,true,false,instances
Scompless is not joholis.,scompless,joholis,"siro, viegotypeface drich",false,true,false,true,false,instances
Mujahed is not a softre.,mujahed,softre,"softre, jutany",false,true,false,true,false,instances
Brevella is a kapoler.,brevella,kapoler,"hassing, cochithy",false,false,false,true,false,instances
Fluorebrain is not an erer.,fluorebrain,erer,"erer, erarchping",false,true,false,true,false,instances
Monister is not a mudsking.,monister,mudsking,"potapense, thronster",false,true,false,true,false,instances
Fatsmanna is not a priva.,fatsmanna,priva,"amorak, priva",false,true,false,true,false,instances
Crastola is not a palpa.,crastola,palpa,"danation, appenose",false,true,false,true,false,instances
Critting is an astell.,critting,astell,"astell, dutchbanks",false,false,false,true,false,instances
Sightle is not a mourmetron.,sightle,mourmetron,"bacceptness, cal batso",false,true,false,true,false,instances
Shreeson is not a lantate.,shreeson,lantate,"hilosital, choops",false,true,false,true,false,instances
Wahabdomontpeltine is not a goalitrate.,wahabdomontpeltine,goalitrate,"goalitrate, anologizer",false,true,false,true,false,instances
Stelapse is not a goldber.,stelapse,goldber,"philoh, learship",false,true,false,true,false,instances
Emility is not a humorrhoid.,emility,humorrhoid,"acred scier, humorrhoid",false,true,false,true,false,instances
Geness is a silkwoosh.,geness,silkwoosh,"silkwoosh, formithug",false,false,false,true,false,instances
Cryption is a mothespock.,cryption,mothespock,"mothespock, mounker",false,false,false,true,false,instances
Cathesia is a siveway.,cathesia,siveway,"greenstel, hologiser",false,false,false,true,false,instances
Vation is not organings.,vation,organings,"babysity, slower",false,true,false,true,false,instances
Fantel is not a chan.,fantel,chan,"englading, goodmas",false,true,false,true,false,instances
Incrimba is not a pedic.,incrimba,pedic,"scalitting, solferez",false,true,false,true,false,instances
Cas is not a shirrup.,cas,shirrup,"bambler, bactor",false,true,false,true,false,instances
Handansivet is a bellowry.,handansivet,bellowry,"foxtain, learship",false,false,false,true,false,instances
Veness is a stroom.,veness,stroom,"pathwayman, stroom",false,false,false,true,false,instances
Bugglion is not an assement.,bugglion,assement,"assement, dudgeworker",false,true,false,true,false,instances
Kleing is a hilosital.,kleing,hilosital,"sueden, prash",false,false,false,true,false,instances
Nigglion is an elmodic.,nigglion,elmodic,"organi, mility",false,false,false,true,false,instances
Sympatsman is not an obler.,sympatsman,obler,"hapes, stailhead",false,true,false,true,false,instances
Robberg is not a showcashowcase.,robberg,showcashowcase,"desthes player, showcashowcase",false,true,false,true,false,instances
Cashnap is not a dronenet.,cashnap,dronenet,"scarname, pedibitrary",false,true,false,true,false,instances
Yardiomy is a preat.,yardiomy,preat,"classant, puscle",false,false,false,true,false,instances
Myeling is not bewis.,myeling,bewis,"wrenze, civerbox",false,true,false,true,false,instances
Quadrician is not a rin.,quadrician,rin,"conome, hijacking",false,true,false,true,false,instances
Glite is a reling.,glite,reling,"groopend, relaps",false,false,false,true,false,instances
Spendian is not a lockboat.,spendian,lockboat,"coathes, sheville",false,true,false,true,false,instances
Plyerbox is an owland.,plyerbox,owland,"ballonishment, anist",false,false,false,true,false,instances
Thronsivant is not an ania.,thronsivant,ania,"joholine, farrimerg",false,true,false,true,false,instances
Excitan is not an amentive.,excitan,amentive,"hemicard, amentive",false,true,false,true,false,instances
Descudding is not a foreity.,descudding,foreity,"popecidity, prepuble",false,true,false,true,false,instances
Tumbrea is a conterin.,tumbrea,conterin,"insis, conterin",false,false,false,true,false,instances
Foyevsky is a fulmargy.,foyevsky,fulmargy,"bactor, fulmargy",false,false,false,true,false,instances
Trenze is a rumorrism.,trenze,rumorrism,"rumorrism, belist",false,false,false,true,false,instances
Forman is a rosity.,forman,rosity,"fluoreticist, enjoini",false,false,false,true,false,instances
Nearning is not a plandmotheat.,nearning,plandmotheat,"galist, seahorn",false,true,false,true,false,instances
Dietion is an amithua.,dietion,amithua,"paedifiel, crediator",false,false,false,true,false,instances
Pillness is a bellowry.,pillness,bellowry,"dext, unist",false,false,false,true,false,instances
Resthenko is a harkov.,resthenko,harkov,"repairbalk, amblessman",false,false,false,true,false,instances
Palainess is not a breakine.,palainess,breakine,"breakine, scein",false,true,false,true,false,instances
Dalepperg is not a meyeglading.,dalepperg,meyeglading,"oinity, willowl",false,true,false,true,false,instances
Mastets is not a balterna.,mastets,balterna,"lazinet, blackets",false,true,false,true,false,instances
Muggiste is not a cologist.,muggiste,cologist,"amorrhoid, ames",false,true,false,true,false,instances
Edware is a cring.,edware,cring,"cring, civitudence",false,false,false,true,false,instances
Brickink is not a harkov.,brickink,harkov,"blackets, inculcatholing",false,true,false,true,false,instances
Aspendity is not an obambarkov.,aspendity,obambarkov,"spershirt, bruplethnol",false,true,false,true,false,instances
Palainess is not a seachiasizinetion.,palainess,seachiasizinetion,"breakine, scein",false,true,false,true,false,instances
Ricist is not rineptness.,ricist,rineptness,"the unizer, rineptness",false,true,false,true,false,instances
Spher is a jolshereat.,spher,jolshereat,"turmericarteria, jolshereat",false,false,false,true,false,instances
Mousecutor is not roops.,mousecutor,roops,"pecient, offrontion",false,true,false,true,false,instances
Egoer is a blowser.,egoer,blowser,"calist, diredontiff",false,false,false,true,false,instances
Flation is not a hemoption.,flation,hemoption,"raventry, hemoption",false,true,false,true,false,instances
Merclackins is a brigion.,merclackins,brigion,"tubfulmark, brigion",false,false,false,true,false,instances
Plainsing is a lazquel.,plainsing,lazquel,"farrietics, lazquel",false,false,false,true,false,instances
Oaxacas is not a righting.,oaxacas,righting,"righting, nearium",false,true,false,true,false,instances
Descency is not a bactoring.,descency,bactoring,"nearium, quination",false,true,false,true,false,instances
Bamblets is an appolity.,bamblets,appolity,"autor, athespocker",false,false,false,true,false,instances
Muhamma is an erender.,muhamma,erender,"erender, slobilia",false,false,false,true,false,instances
Chiat is a cochithy.,chiat,cochithy,"compleness, tringus",false,false,false,true,false,instances
Liban is not a geling.,liban,geling,"cologent, geling",false,true,false,true,false,instances
Flage is not a dubridol.,flage,dubridol,"dubridol, femalademasjid",false,true,false,true,false,instances
Sconter is a pathwayman.,sconter,pathwayman,"pathwayman, gliatrione",false,false,false,true,false,instances
Albanintment is an acred scier.,albanintment,acred scier,"ratorce, acred scier",false,false,false,true,false,instances
Briter is a ploman.,briter,ploman,"naisabi, ploman",false,false,false,true,false,instances
Undum is not a sucrome.,undum,sucrome,"sucrome, scencer",false,true,false,true,false,instances
Hostittenery is ames.,hostittenery,ames,"ames, shirruplet",false,false,false,true,false,instances
Inurizer is not a goalitrate.,inurizer,goalitrate,"puglior, jazzman nation",false,true,false,true,false,instances
Portela is an impresett.,portela,impresett,"leadema, shreenine",false,false,false,true,false,instances
Middeness is not a pariotist.,middeness,pariotist,"tegucigate, pariotist",false,true,false,true,false,instances
Tics is an egory.,tics,egory,"egory, deutschmaker",false,false,false,true,false,instances
Schloration is not a cator.,schloration,cator,"happer, baldrivan",false,true,false,true,false,instances
Buckshop is not an explouvre.,buckshop,explouvre,"explouvre, tysicher",false,true,false,true,false,instances
Myelignio is a flate.,myelignio,flate,"deutschmaker, flate",false,false,false,true,false,instances
Grusion is joholis.,grusion,joholis,"farfalgier, phanalist",false,false,false,true,false,instances
Havilio is not a thua.,havilio,thua,"bactoring, adahlia",false,true,false,true,false,instances
Morewdness is a sucrome.,morewdness,sucrome,"theading, sucrome",false,false,false,true,false,instances
Grusk is not encrimness.,grusk,encrimness,"maidser, encrimness",false,true,false,true,false,instances
Sheetoria is not a civerbox.,sheetoria,civerbox,"collment, mentratist",false,true,false,true,false,instances
Jalains is a honomine.,jalains,honomine,"honomine, educania",false,false,false,true,false,instances
Scontifa is not a boxerson.,scontifa,boxerson,"pomplie, alligrapp",false,true,false,true,false,instances
Crusion is not a moreaking.,crusion,moreaking,"moreaking, willowl",false,true,false,true,false,instances
Adageolet is an optyling.,adageolet,optyling,"optyling, offrontion",false,false,false,true,false,instances
Geness is not a silkwoosh.,geness,silkwoosh,"silkwoosh, formithug",false,true,false,true,false,instances
Viscot is not a tournabing.,viscot,tournabing,"lity, puglior",false,true,false,true,false,instances
Receptab is barkers.,receptab,barkers,"geling, plain pergee",false,false,false,true,false,instances
Defactor is a schnaborator.,defactor,schnaborator,"schnaborator, whatta",false,false,false,true,false,instances
Airlin is not a playsion.,airlin,playsion,"roope, playsion",false,true,false,true,false,instances
Hemicrobby is a tuiler.,hemicrobby,tuiler,"fricturer, tuiler",false,false,false,true,false,instances
Rebrit is a lingemer.,rebrit,lingemer,"lingemer, icecalmonaut",false,false,false,true,false,instances
Portel is not haubers.,portel,haubers,"tosaur, reterney",false,true,false,true,false,instances
Maeston is a ragweeding.,maeston,ragweeding,"bambler, ragweeding",false,false,false,true,false,instances
Gement is not a robbliceberk.,gement,robbliceberk,"robbliceberk, sucrome",false,true,false,true,false,instances
Exhibitics is a rosity.,exhibitics,rosity,"rosity, hilosital",false,false,false,true,false,instances
Willardiomyosarchass is a wigglian.,willardiomyosarchass,wigglian,"reling, vocamorin",false,false,false,true,false,instances
Whattlee is not rineptness.,whattlee,rineptness,"nonidity, foration",false,true,false,true,false,instances
Clastermer is not a logist.,clastermer,logist,"cator, porkine",false,true,false,true,false,instances
Morization is not a pyjammee.,morization,pyjammee,"therer, gresian",false,true,false,true,false,instances
Rainslow is not a clarmerter.,rainslow,clarmerter,"sember, stroom",false,true,false,true,false,instances
Toolshee is not a duncott.,toolshee,duncott,"softre, duncott",false,true,false,true,false,instances
Ancy is a motoriger.,ancy,motoriger,"motoriger, robberg",false,false,false,true,false,instances
Daddafitting is not lapenders.,daddafitting,lapenders,"stariality, lapenders",false,true,false,true,false,instances
Shreeson is a hilosital.,shreeson,hilosital,"hilosital, choops",false,false,false,true,false,instances
Peries is an archicander.,peries,archicander,"organi, archicander",false,false,false,true,false,instances
Whattlet is not an acred scier.,whattlet,acred scier,"direnze, epie",false,true,false,true,false,instances
Pathesia is a mistling.,pathesia,mistling,"racoat, flagriff",false,false,false,true,false,instances
Solverogen is a lenoon.,solverogen,lenoon,"amphage, lenoon",false,false,false,true,false,instances
Arthaystal is not an epie.,arthaystal,epie,"lowense, hologiser",false,true,false,true,false,instances
Abooze is not a pompiratist.,abooze,pompiratist,"driva, rousness",false,true,false,true,false,instances
Colleringus is a showcashowcase.,colleringus,showcashowcase,"rin, pedibitrary",false,false,false,true,false,instances
Blacera is undenessness.,blacera,undenessness,"highjackey, undenessness",false,false,false,true,false,instances
Epilininess is a paral ameril.,epilininess,paral ameril,"foresett, paral ameril",false,false,false,true,false,instances
Parater is not a vocamorin.,parater,vocamorin,"vocamorin, rebrain",false,true,false,true,false,instances
Desia is not an erarchping.,desia,erarchping,"driva, siveway",false,true,false,true,false,instances
Kleinuance is not a unitredal.,kleinuance,unitredal,"sculist, unitredal",false,true,false,true,false,instances
Seache is not a halender.,seache,halender,"haller, aneuver",false,true,false,true,false,instances
Amnioraker is a sapiece.,amnioraker,sapiece,"pyjammee, ploman",false,false,false,true,false,instances
Nuden is foreadeer.,nuden,foreadeer,"breakine, accomfitting",false,false,false,true,false,instances
Proppoinia is not a fema.,proppoinia,fema,"qadductor, aircator",false,true,false,true,false,instances
Granshiloh is not an amentive.,granshiloh,amentive,"amentive, transy",false,true,false,true,false,instances
Hoagulle is not a sprinesett.,hoagulle,sprinesett,"hologuerion, sprinesett",false,true,false,true,false,instances
Graphyte is a delstasizine.,graphyte,delstasizine,"deuter, delstasizine",false,false,false,true,false,instances
Optysis is a foreworm.,optysis,foreworm,"cochithy, skyschmarole",false,false,false,true,false,instances
Gramindlement is a rumorrism.,gramindlement,rumorrism,"happer, pathwayman",false,false,false,true,false,instances
Deutschtone is a goldfiel.,deutschtone,goldfiel,"technaps, goldfiel",false,false,false,true,false,instances
Flation is not a sleadence.,flation,sleadence,"raventry, hemoption",false,true,false,true,false,instances
Halumblethachinding is a rin.,halumblethachinding,rin,"sportment, rin",false,false,false,true,false,instances
Icence is not a preat brick.,icence,preat brick,"shirrup, preat brick",false,true,false,true,false,instances
Eyeholokai is not inds.,eyeholokai,inds,"storian, inds",false,true,false,true,false,instances
Defeate is not a wiggadago.,defeate,wiggadago,"tosaur, wiggadago",false,true,false,true,false,instances
Arthaystal is a congdoer.,arthaystal,congdoer,"lowense, hologiser",false,false,false,true,false,instances
Madre is not a puscle.,madre,puscle,"barriest, puscle",false,true,false,true,false,instances
Madon is not a negalaper.,madon,negalaper,"negalaper, moreaking",false,true,false,true,false,instances
Sunshiite is not a sleadence.,sunshiite,sleadence,"sleadence, astell",false,true,false,true,false,instances
Bewing is not rineptness.,bewing,rineptness,"madrive, plain pergee",false,true,false,true,false,instances
Markovsky is a physichtingston.,markovsky,physichtingston,"lucatnap, schorebuker",false,false,false,true,false,instances
Halumblethachinding is a preat brick.,halumblethachinding,preat brick,"sportment, rin",false,false,false,true,false,instances
Railion is a scanover.,railion,scanover,"scanover, vistwad",false,false,false,true,false,instances
Iding is not a lafituting.,iding,lafituting,"lingemer, egyptory",false,true,false,true,false,instances
Nigery is a capitock.,nigery,capitock,"amentive, philoh",false,false,false,true,false,instances
Gaucheling is farrietics.,gaucheling,farrietics,"bactor, farrietics",false,false,false,true,false,instances
Stelapse is a hemospher.,stelapse,hemospher,"philoh, learship",false,false,false,true,false,instances
Pugling is a rumorrism.,pugling,rumorrism,"rumorrism, cobblener",false,false,false,true,false,instances
Direbuker is a newsbrel.,direbuker,newsbrel,"houghter, newsbrel",false,false,false,true,false,instances
Wandslip is not compless.,wandslip,compless,"spershirt, kebastrokins",false,true,false,true,false,instances
Fluiding is not a scalitrio.,fluiding,scalitrio,"popecidity, scalitrio",false,true,false,true,false,instances
Mooche is not a diatrole.,mooche,diatrole,"schorebuker, diatrole",false,true,false,true,false,instances
Perfuncium is a shirrup.,perfuncium,shirrup,"shirrup, haller",false,false,false,true,false,instances
Glitrich is not crusadness.,glitrich,crusadness,"rusatism, crusadness",false,true,false,true,false,instances
Djibwa is a terium.,djibwa,terium,"silkwoosh, pathwayman",false,false,false,true,false,instances
Prittaine is not an appenose.,prittaine,appenose,"sychorse, moursefly",false,true,false,true,false,instances
Movichet is not a seachiasizinetion.,movichet,seachiasizinetion,"tuiler, seachiasizinetion",false,true,false,true,false,instances
Houstari is not a hologuerion.,houstari,hologuerion,"hologuerion, mattlee",false,true,false,true,false,instances
Hemia is a physichtingston.,hemia,physichtingston,"gaucheading, physichtingston",false,false,false,true,false,instances
Prouse is a nuation.,prouse,nuation,"hilosital, shirruplet",false,false,false,true,false,instances
Argings is not a temicathesian.,argings,temicathesian,"hous worker, appenose",false,true,false,true,false,instances
Incrimber is not an idity.,incrimber,idity,"idity, foreadeer",false,true,false,true,false,instances
Prosepin is not a moursefly.,prosepin,moursefly,"subverez, maesthent",false,true,false,true,false,instances
Clastitus is a rastomation.,clastitus,rastomation,"gunch, stachist",false,false,false,true,false,instances
Salia is an oble.,salia,oble,"pretent, stariality",false,false,false,true,false,instances
Vellottle is not a chandy.,vellottle,chandy,"puericalia, chandy",false,true,false,true,false,instances
Chimeo is not an ordunction.,chimeo,ordunction,"lazinet, educania",false,true,false,true,false,instances
Newsbread is a femating.,newsbread,femating,"subverez, femating",false,false,false,true,false,instances
Aquirter is a femating.,aquirter,femating,"halender, femating",false,false,false,true,false,instances
Dalepperg is a hemicard.,dalepperg,hemicard,"oinity, willowl",false,false,false,true,false,instances
Mozama is not a formera.,mozama,formera,"vivist, bacceptab",false,true,false,true,false,instances
Deterium is not an afring.,deterium,afring,"afring, moreaking",false,true,false,true,false,instances
Prownup is oxiousness.,prownup,oxiousness,"gunce, oxiousness",false,false,false,true,false,instances
Quel is a thua.,quel,thua,"thua, microma",false,false,false,true,false,instances
Lewife is a mility.,lewife,mility,"boullelix, erender",false,false,false,true,false,instances
Pugling is dutchbanks.,pugling,dutchbanks,"rumorrism, cobblener",false,false,false,true,false,instances
Gramiter is a vivist.,gramiter,vivist,"haraest, housness",false,false,false,true,false,instances
Tosa is not a spriming.,tosa,spriming,"romation, spriming",false,true,false,true,false,instances
Aboria is nics.,aboria,nics,"rineptness, candment",false,false,false,true,false,instances
Yardiomy is not a puscle.,yardiomy,puscle,"classant, puscle",false,true,false,true,false,instances
Minemati is not a repairbalk.,minemati,repairbalk,"noblesis, humorrhoid",false,true,false,true,false,instances
Seachirren is not an azio.,seachirren,azio,"nobline, farrimerg",false,true,false,true,false,instances
Refuelie is a dext.,refuelie,dext,"jolshereat, eration",false,false,false,true,false,instances
Scaberker is a dologist.,scaberker,dologist,"foreity, dologist",false,false,false,true,false,instances
Tadpollame is not steness.,tadpollame,steness,"steness, rousness",false,true,false,true,false,instances
Trantion is a ballonishment.,trantion,ballonishment,"ballonishment, prottlee",false,false,false,true,false,instances
Balla is not a unitredal.,balla,unitredal,"ballo, subverez",false,true,false,true,false,instances
Procutor is a sucrome.,procutor,sucrome,"pitte, ploma",false,false,false,true,false,instances
Disdainshift is not a clard.,disdainshift,clard,"clard, relapis",false,true,false,true,false,instances
Halkie is not a preat brick.,halkie,preat brick,"lucatnap, preat brick",false,true,false,true,false,instances
Fransy is not mayfulness.,fransy,mayfulness,"gunch, banzo",false,true,false,true,false,instances
Ambleshiva is not a jolshereat.,ambleshiva,jolshereat,"classant, jolshereat",false,true,false,true,false,instances
Arter is a candment.,arter,candment,"eration, candment",false,false,false,true,false,instances
Tadpollame is not rousness.,tadpollame,rousness,"steness, rousness",false,true,false,true,false,instances
Chatche is not a proseole.,chatche,proseole,"ojibout, vistwad",false,true,false,true,false,instances
Nuden is an accomfitting.,nuden,accomfitting,"breakine, accomfitting",false,false,false,true,false,instances
Myelindslip is farrietics.,myelindslip,farrietics,"sacrobiling, rineptness",false,false,false,true,false,instances
Ricoid is not a tadpolind.,ricoid,tadpolind,"afring, hemicard",false,true,false,true,false,instances
Lewife is not a conterin.,lewife,conterin,"boullelix, erender",false,true,false,true,false,instances
Moundum is not an infriger.,moundum,infriger,"hobbergee, wastelland",false,true,false,true,false,instances
Prunellow is not a negalaper.,prunellow,negalaper,"navanteride, nonidity",false,true,false,true,false,instances
Sychia is a cologent.,sychia,cologent,"inculcatholing, spher",false,false,false,true,false,instances
Infrighway is not a hemoglobbina.,infrighway,hemoglobbina,"righting, hemoglobbina",false,true,false,true,false,instances
Rectan is not a shreenine.,rectan,shreenine,"civills, cator",false,true,false,true,false,instances
Crimness is a procese.,crimness,procese,"balterna, procese",false,false,false,true,false,instances
Ejectance is a desiddle.,ejectance,desiddle,"idin, greeso",false,false,false,true,false,instances
Kharter is a potein.,kharter,potein,"berge, potein",false,false,false,true,false,instances
Muggiste is a widgeograd.,muggiste,widgeograd,"amorrhoid, ames",false,false,false,true,false,instances
Aarhusband is a scalitrio.,aarhusband,scalitrio,"crusadness, explouvre",false,false,false,true,false,instances
Seachirren is a farrimerg.,seachirren,farrimerg,"nobline, farrimerg",false,false,false,true,false,instances
Morewdness is not a theading.,morewdness,theading,"theading, sucrome",false,true,false,true,false,instances
Encircast is a dudgeworker.,encircast,dudgeworker,"branger, dudgeworker",false,false,false,true,false,instances
Prown is a pomplie.,prown,pomplie,"steness, pomplie",false,false,false,true,false,instances
Lawag is not a bricircation.,lawag,bricircation,"sixpacemeno, bricircation",false,true,false,true,false,instances
Druple is not a macea.,druple,macea,"rin, assement",false,true,false,true,false,instances
Candonalist is an oble.,candonalist,oble,"galist, inds",false,false,false,true,false,instances
Deutschwe is not a crediator.,deutschwe,crediator,"fiddineer, thronster",false,true,false,true,false,instances
Connai is a mistling.,connai,mistling,"mistling, dubridol",false,false,false,true,false,instances
Clastermer is not a porkine.,clastermer,porkine,"cator, porkine",false,true,false,true,false,instances
Moretta is bewis.,moretta,bewis,"bewis, lantate",false,false,false,true,false,instances
Djibouller is a lifterpetree.,djibouller,lifterpetree,"enging, jolsheep",false,false,false,true,false,instances
Disancy is not a mility.,disancy,mility,"riggler, cal batso",false,true,false,true,false,instances
Deposy is not a porkine.,deposy,porkine,"haraest, goldfiel",false,true,false,true,false,instances
Guzzliness is not a femattant.,guzzliness,femattant,"iridency, webersoil",false,true,false,true,false,instances
Prograta is an agarization.,prograta,agarization,"bactor, sheviling",false,false,false,true,false,instances
Spendian is a sheville.,spendian,sheville,"coathes, sheville",false,false,false,true,false,instances
Kharter is a cal batso.,kharter,cal batso,"berge, potein",false,false,false,true,false,instances
Honencement is not a delstasizine.,honencement,delstasizine,"delstasizine, prosepipe",false,true,false,true,false,instances
Ejectance is a spershirt.,ejectance,spershirt,"idin, greeso",false,false,false,true,false,instances
Paralit is not an acred scier.,paralit,acred scier,"acred scier, femalademasjid",false,true,false,true,false,instances
Ragoguessness is organings.,ragoguessness,organings,"sebranger, lechmarkov",false,false,false,true,false,instances
Dese is not a phicatte.,dese,phicatte,"hilosital, slower",false,true,false,true,false,instances
Gradeross is a racoat.,gradeross,racoat,"nuation, racoat",false,false,false,true,false,instances
Hoopecidium is a noiser.,hoopecidium,noiser,"microusness, calist",false,false,false,true,false,instances
Compling is a desiddle.,compling,desiddle,"widgeograd, desiddle",false,false,false,true,false,instances
Misrael is a delstasizine.,misrael,delstasizine,"temicathesian, gullegence",false,false,false,true,false,instances
Jalains is not a honomine.,jalains,honomine,"honomine, educania",false,true,false,true,false,instances
Tadpol is not a scanover.,tadpol,scanover,"scanover, coched",false,true,false,true,false,instances
Inck is solvertics.,inck,solvertics,"fiddineer, swimwearsaw",false,false,false,true,false,instances
Metrostan is a cochithy.,metrostan,cochithy,"crition, qadductor",false,false,false,true,false,instances
Droca is a chican natione.,droca,chican natione,"ilkwooser, bambivalry",false,false,false,true,false,instances
Locannount is not an asystitutte.,locannount,asystitutte,"asystitutte, mistel",false,true,false,true,false,instances
Infining is a tournabing.,infining,tournabing,"conountry, accomfitting",false,false,false,true,false,instances
Cousness is a crobby.,cousness,crobby,"demaide, crobby",false,false,false,true,false,instances
Changle is an egory.,changle,egory,"chite, geogrape",false,false,false,true,false,instances
Haviaturbia is not a silkwoosh.,haviaturbia,silkwoosh,"silkwoosh, enuncomfitt",false,true,false,true,false,instances
Tadpol is not a coched.,tadpol,coched,"scanover, coched",false,true,false,true,false,instances
Foyevsky is a bactor.,foyevsky,bactor,"bactor, fulmargy",false,false,false,true,false,instances
Perusintifa is not spectnes.,perusintifa,spectnes,"foodworman, spectnes",false,true,false,true,false,instances
Edwardion is not a the unizer.,edwardion,the unizer,"rainsist, lawag",false,true,false,true,false,instances
Camounker is not a nanslator.,camounker,nanslator,"aphecius, nanslator",false,true,false,true,false,instances
Flunkers is a schnaborator.,flunkers,schnaborator,"goldfiel, hobbergee",false,false,false,true,false,instances
Kharlowne is not a rumorrism.,kharlowne,rumorrism,"rumorrism, dutchbanks",false,true,false,true,false,instances
Conflosis is a meyepilapist.,conflosis,meyepilapist,"disittin, meyepilapist",false,false,false,true,false,instances
Albanse is not capis.,albanse,capis,"willowl, capis",false,true,false,true,false,instances
Algier is a plouvre.,algier,plouvre,"oxiousness, founcient",false,false,false,true,false,instances
Athway is not a rin.,athway,rin,"rin, prash",false,true,false,true,false,instances
Dostab is not a breakine.,dostab,breakine,"femattant, scencer",false,true,false,true,false,instances
Havilio is not a shirrup.,havilio,shirrup,"bactoring, adahlia",false,true,false,true,false,instances
Firenosuperd is not a proop.,firenosuperd,proop,"proop, kebastrokins",false,true,false,true,false,instances
Decoastruce is an adverdion.,decoastruce,adverdion,"lockboat, adverdion",false,false,false,true,false,instances
Shedibitor is not a fema.,shedibitor,fema,"coathes, fema",false,true,false,true,false,instances
Disancy is not a riggler.,disancy,riggler,"riggler, cal batso",false,true,false,true,false,instances
Furchent is not scuddiness.,furchent,scuddiness,"thronster, scuddiness",false,true,false,true,false,instances
Egoer is not a diredontiff.,egoer,diredontiff,"calist, diredontiff",false,true,false,true,false,instances
Fatsmanna is not an amorak.,fatsmanna,amorak,"amorak, priva",false,true,false,true,false,instances
Balus is a wooseody.,balus,wooseody,"wooseody, callist",false,false,false,true,false,instances
Sembletitics is not a civitudence.,sembletitics,civitudence,"civitudence, enuhindlasse",false,true,false,true,false,instances
Locannount is not a tetralliger.,locannount,tetralliger,"asystitutte, mistel",false,true,false,true,false,instances
Mudskirter is an abouthode.,mudskirter,abouthode,"pretent, abouthode",false,false,false,true,false,instances
Licecreads is a suedent.,licecreads,suedent,"compless, goutland",false,false,false,true,false,instances
Dolorism is not a scanover.,dolorism,scanover,"hadre, veilitting",false,true,false,true,false,instances
Maracao is a gunch.,maracao,gunch,"aracase, preteness",false,false,false,true,false,instances
Cusalist is not a defeation.,cusalist,defeation,"lazquel, recium",false,true,false,true,false,instances
Dissing is not a typefacer.,dissing,typefacer,"nadagog, barkers",false,true,false,true,false,instances
Cister is not a flate.,cister,flate,"flate, moursefly",false,true,false,true,false,instances
Posity is scuddings.,posity,scuddings,"hemission, scuddings",false,false,false,true,false,instances
Albatson is not a mileome.,albatson,mileome,"catte, mileome",false,true,false,true,false,instances
Dahlimazel is an artisance.,dahlimazel,artisance,"trainia, artisance",false,false,false,true,false,instances
Viscot is a porkine.,viscot,porkine,"lity, puglior",false,false,false,true,false,instances
Koperier is an aquination.,koperier,aquination,"aquination, lantate",false,false,false,true,false,instances
Dizativings is not a provicecrash.,dizativings,provicecrash,"provicecrash, pomplie",false,true,false,true,false,instances
Dise is a nobline.,dise,nobline,"nearium, nobline",false,false,false,true,false,instances
Dizativings is not a pomplie.,dizativings,pomplie,"provicecrash, pomplie",false,true,false,true,false,instances
Pathew is a robberg.,pathew,robberg,"aircator, robberg",false,false,false,true,false,instances
Palainess is not an athespocker.,palainess,athespocker,"breakine, scein",false,true,false,true,false,instances
Rosisticle is a crediator.,rosisticle,crediator,"enging, ilkwooser",false,false,false,true,false,instances
Calminet is a chootnote.,calminet,chootnote,"hemoglobi, chootnote",false,false,false,true,false,instances
Swoodwork is a cuminist.,swoodwork,cuminist,"cuminist, missimoving",false,false,false,true,false,instances
Mammari is not relapis.,mammari,relapis,"blowser, relapis",false,true,false,true,false,instances
Pyjamace is a balle.,pyjamace,balle,"seahorer, balle",false,false,false,true,false,instances
Sprina is not a mumbread.,sprina,mumbread,"appollin, mumbread",false,true,false,true,false,instances
Tatorce is not goodmas.,tatorce,goodmas,"goodmas, schor",false,true,false,true,false,instances
