Name,Keep
Hydracytarate,1
"Solin, humab",0
Bivampridinib,1
Olophentiramide,1
Bitol,0
Brilastan,0
Thioprolone,0
Alemetamolimus,1
Talafamelate,1
Magnesartan,1
Ravuconabederum,1
Pyridaxol,0
Cystin,0
Mibefradionate,1
Alanthenprofloxisentol,1
Remoclose,1
Aldehydrocin,1
Ergome,0
Loperac,0
Roban,1
"Bens, B",1
Tezafil,1
Technetamine,1
Sitamate,0
Rituzumab mon,1
Lipoterole,1
Midone,0
Pentan medoran,1
Tiagabinate,1
Desvenin,1
Cyclid,0
Sulfapen,0
Propiclen,1
Phenadionam,1
Cycline,0
Golic acid,1
Chlorotermin,1
Fluprol,1
Dinoetiapride,1
Elocytoin,1
Axitin,0
Toramine,1
Cefusionate,1
Isol,0
Procortuzumab,1
Lumab medane,1
"Bicallin, humab",0
Thiazepam,1
Grisoxacid,1
Nicalcohept,1
Strexacid,1
Cole,1
Azelanzamide,1
Isavucosalifolisoprofiban,1
Zibosenacost,1
Cefoxoprozil,1
Cetic acid,1
Phenyltoridast,1
Fluconatat,1
Bipene oil,1
Ularomethate,1
Isopate Ga-68,1
Edotinamine,1
Tamosamide,1
Fluoridilast,1
Virgide,1
Disoxyurea,1
Loterolidone,1
Oxymetazotan,1
Talnetium,1
Dersat,1
Tofazide,1
SR 1207,1
Bepotin,0
Enzapridepate,1
Dorzoxin B,0
Rasburine,1
Thalirudiol,1
Droxomide,1
Clon,0
Deutenone,1
Briaxol,0
Vilonate,1
Xalic acid,0
Zinc globulin,0
Clopa,1
Leuprofen,0
Pyridamol,0
Inosuvast,1
Nylindenol,1
Ethiomazine,1
Fosamin,0
Dapineethamide,1
Erdoxone,0
Travoprefusion,1
Neostonicone,1
Hydroxin,0
Pemi,0
Pipamide,1
Methyllin,0
Auracarboxacid,1
PX-1024,1
Estrafenidazine,1
Alumil,1
Artemciclon,1
99m trivatuzumab,1
Fenflumab,1
Nemoxetan,1
Nabine,1
Sorasentol,1
Talinoglitat,1
Terferol 300,0
Pargylinoin,1
Nalmitrigitol,1
HZT-51803,1
Ondazole,0
Estamin,0
Guanadione,1
Sevelanol,1
Bedotoxib,1
Fluprazotide,0
Serden,1
Cholistate,1
Alostat,1
Thalazole,0
Tenoxazole,1
"3,4-Methioriconate, monine",1
Equinam,0
Ibudine,0
AC305665,0
"Insulfate, dis",0
Clofuginide,1
Paclose,1
Tofiban,0
Cimer succid,1
Ursodenesanib,1
Lenoic aceta,0
Nalmisapenib,1
Bemidectacin,1
Dolastuzumab,1
Melphenic acid,1
Becampanel,0
Ciminumab,1
Diphenib,0
Diphenytoin,0
Nicarpindoleate,1
Prazolevudine,1
Calcitimumab,1
Folimod,0
Oxymorphate,1
Inosenadrin,1
Terbutethylen,1
Deutetractone,1
Thaleplosanetide,1
Flurbide,1
Vorthamin,1
Potason,1
Ethidinib,0
Clofugin,1
Glutalacine,1
Ineconatoride,1
Urea C-113D,0
Aspatroglifluoxetigmin,1
Amifanidazole,1
Benzylacetylcholix,1
Tran,1
Denolonate,1
Estracalla-zose,1
Diethetahistat,1
Technetaminum Rb-82,1
Zole,0
Gadoproster,1
Nabinterolam,1
Dietharin B,1
Aleglitrate,1
Edotoxibef,1
Galide,1
Loraprimezantoin,1
Tasquemipropion,1
Flavanciclene,1
Exentan,1
Idarone,1
Ambrozil,1
SQ-106,0
Motene glanzapril,1
Ambrostin,1
Diphetarsin,0
Methadiol,1
Pyrimetan,1
Sofan,1
Phenylate,0
Rofenavin,1
Chlorphalonobucin,1
Ketobasicumab,1
Thiamterferrin,1
Oxazinezocain,1
Selicylate,0
Rilurbide,1
Daltol,1
Filgraplate,1
Pinaproxyverin,1
Nicarbonabinobamate,1
Zometrafen,1
ABT-501,1
Trolazole,1
TST10061,0
Talazotam,1
Clofene,0
Mupiroc,0
Salide,1
Droniazirin,1
Midostate,1
Terifloxacid,1
Efavirenol,1
Cysternime,1
Tocaprolol,1
Ceforoquinib,1
Hydrol,1
Calcitabine,1
Acitolamide,1
Fenose,1
Miglipranel,1
Latantetrol,1
Tiane C-131,1
Telaic acetat,1
Tianic sularin,1
Dextrate,0
Eprazepothetazole,1
Diamide,0
Regovidole,1
Alethylnafil,1
Estronic tril,1
Ramoteprazole,1
Bambucovometazole,1
Dronic acid,0
Limazeparin,1
Cisamine,1
Cloferole,0
Eszopine,0
Zonium arcinoxacin,1
Exemetate,1
Dapoxen,1
Resoxadion,1
Buspirapressine,1
Alegliptinib,1
Tolpenem,1
Vorepvec,1
Edarol,1
Tramaltolamide,1
Ethamide,1
Temazide,1
Acetolacid,1
Calcitin,1
Lefradine,1
Nadofovir,0
Amlodron,1
Trod,0
Glufosacost,1
Propa,1
AS14090,0
N-(2-Amiodone,0
Temocrivir,1
Tiaprenacillin,1
Levobutamin,1
Annam,1
Bumetamiferoparel,1
Emediazole,0
Pramphenytoin,1
Triakinum Rb-82,1
Icosartisodenib,1
Bendazosentan,1
Cefil,0
INO-166,1
Tesorbilinib,1
Hydroxamfetamesate,1
Momethiomab,1
Fimab govobex,1
Fluoridimetaxolol,1
Zipramide,1
Taurtin genem,1
Cilastine,1
Reboxazolon,1
Imiplizumab,1
Argase ant,1
Androximab,1
Trimibenimide,1
Zuclotinib,1
Fosampane,1
Exemethate,1
Tetroate,1
Lotene,1
Bifen,1
Tegase,1
Naftadibutylin,1
Tofazole,0
LX100,0
Sipuleucells,0
Seletic acid,1
Thioprofugin,1
Trimeproflurosate,1
Disobenofolide,1
Terlisodipinib,1
Dipyrazone,1
Tibofloxazide,1
Phentantannic acid,1
Pracept,0
Ibudil,0
Olanolon,1
Umecyclizumanib,1
Terbutamide,1
Oxyprosphaloxamine,1
ALT-207,0
Plicatide,1
Buspium,1